score,word
无数据,domain
无数据,0955xxg.com
无数据,028-yh.com
无数据,0531lhkj.com
较安全,08gowu.com
无数据,028tcl.com
较安全,02342.net
不安全,0734m.com
无数据,0710pc.com
不安全,17lelife.com
无数据,021zxw.com
无数据,123cc123.com
较安全,168tvs.com
不安全,36car.com
无数据,28gov.com
无数据,1718hc.com
较安全,365ps.com
不安全,19haha.com
不安全,39ddz.com
较安全,39slgts.com
无数据,5-47.com
较安全,25djd.com
无数据,51667388.com
较安全,51zhtj.com
无数据,512jc.com
较安全,51dbzf.com
较安全,52byq.com
无数据,520qp.com
不安全,531ka.com
无数据,528shouji.com
较安全,56zhe.com
不安全,5y988.com
不安全,661gt.com
无数据,5huayu.com
无数据,6c060.com
不安全,815-moon.com
无数据,52tulou.com
较安全,86691111.com
不安全,89pop89.com
不安全,ahdyyh.com
不安全,90000m.com
无数据,87sup.com
不安全,86oki.com
无数据,aivalve.com
较安全,aohanda.com
无数据,aiguo.tv
无数据,aisahdtv.com
较安全,ahwfsb.com
无数据,answeror.com
不安全,aotwowsf.com
无数据,aqqyfc.com
较安全,asanfege.com
无数据,baoan68.net
较安全,aylsfl.com
无数据,bbin888.net
无数据,baidu5600.com
无数据,bbbpj.com
不安全,binj.net
不安全,baowenexpo.com
较安全,binliy.com
不安全,bizcorpcn.com
较安全,bboac.com
不安全,bjchengda.com
无数据,bjjhhs.com
无数据,bjjhcczl.com
不安全,bjvictex.com
无数据,bjhmhs.com
较安全,bjmijigui.com
无数据,bjxilaiju.com
无数据,bjyhzx.com
较安全,bswsjds.com
不安全,cassoncity.com
无数据,cdhaie.com
无数据,bz12318.com
无数据,cdchunlan.com
无数据,cdemma.com
无数据,cdmeide.com
不安全,cdhy-cxy.com
无数据,cdyinhua.com
无数据,cdyto.com
较安全,chanzuiya.net
不安全,chaoyueedu.com
无数据,chhydn.com
较安全,china10011.com
较安全,cifbe.com
不安全,chinakye.com
不安全,china2050.com
较安全,china-pe.com
无数据,cnstzg.com
较安全,cngrech.com
无数据,cnyzex.com
不安全,cnfawtruck.com
无数据,chinadzz.org
不安全,consmate.com
无数据,cqlizhiyou.com
不安全,cqmpi.com
不安全,cpsqw.com
不安全,cqsanyu.com
较安全,cqswzl.com
较安全,cqwjxf.com
无数据,cr20glz.com
不安全,cwc1688.com
不安全,cqygsl.com
无数据,dasuan114.com
不安全,dalian66.com
不安全,designuu.com
无数据,ddyxrj.com
无数据,dhyahot.com
不安全,dljthl.net
不安全,dfq001.com
不安全,dgmfjx.com
无数据,dnlxs.com
较安全,dthao.com
无数据,dochina1st.com
不安全,dsjc666.com
无数据,dsgk666.com
无数据,dlsvvxn.com
较安全,duoduo1998.com
无数据,e1993.com
较安全,erttuan.com
无数据,emco-co.com
无数据,fanliko.com
不安全,efdian.com
较安全,fanoy.net
无数据,fayuke.com
不安全,florons.com
无数据,flwwy.com
无数据,fenjiu20.com
较安全,food3721.com
较安全,frms007.com
不安全,gdmxtv.com
不安全,fqtcn.net
无数据,fxcar68.com
较安全,fxsjz.com
无数据,fayunfzc.com
无数据,gxlongtan.com
无数据,gjdpdj168.com
无数据,gzzeyang.com
不安全,gzxat.com
不安全,gztyty168.com
无数据,gzruitu.com
无数据,h3cdk.com
不安全,hbpy888.com
无数据,haohint.com
无数据,hbsjk.com
不安全,hcwen.com
无数据,hbut.org
不安全,hhhlong.com
无数据,hjvvxn.com
无数据,hhhtao.com
不安全,hsy6.com
无数据,hnstsj.com
不安全,hmyzc.com
无数据,hywfbd.com
无数据,hxbzj.net
较安全,huaduhouse.com
不安全,ican88.com
无数据,ic-afx.com
较安全,iexun.com
无数据,im135.com
无数据,jindunyt.com
较安全,inkerwang.com
无数据,jfrpc.com
不安全,jdsp178.com
不安全,jitaicn.com
无数据,jlmgw.com
无数据,jlhdweb.com
无数据,jordancp.com
较安全,ichenxi.com
无数据,jrzdm163.com
不安全,jsbstjx.com
较安全,jxlgmc.com
不安全,jqdianli.com
无数据,kanglebao.com
不安全,jmlhl.com
无数据,kanglixiu.com
不安全,kmtdtw.com
无数据,kcxinxi.com
不安全,ktkeyun.com
不安全,kuaigaoyao.com
无数据,l-alpina.com
较安全,lcjgdj.com
无数据,kanlishi.net
较安全,labelcool.com
无数据,lejjc.com
无数据,lfdzlt.com
无数据,lianhe007.com
无数据,kedi-cgp.com
无数据,liming1959.com
不安全,lucksm.com
较安全,lpgk88.com
无数据,liangmin.cc
不安全,lxsj001.com
无数据,lvmeikang.com
较安全,lxbutton.com
较安全,lvlvme.com
无数据,lzfssj.com
不安全,matsajob.com
无数据,mcsepass.com
不安全,lyqqkj.com
无数据,ly273.com
无数据,medruler.com
无数据,lwbaba.com
无数据,meidish.com
无数据,miaosha888.com
无数据,moutaic.com
无数据,mimoclub.com
无数据,mtjcn.com
无数据,mlrsrc.com
无数据,nb-manya.com
无数据,myjscl.net
无数据,mylegou.net
无数据,nbprt.com
无数据,mybeicai.com
无数据,nfalevel.com
无数据,new9e.com
无数据,niqiuyz.com
无数据,njguanxu.com
无数据,nr-siwang.com
无数据,ntomeda.com
无数据,nsakura222.com
无数据,oqcar.com
无数据,ni98.net
无数据,obrcb.com
无数据,pcgta.net
无数据,pvcjia.com
无数据,ptfilm.net
无数据,pkush.org
无数据,qdonepin.com
无数据,qicheyitao.com
无数据,qinbama.com
无数据,qq897.com
无数据,quan114.com
无数据,qyyy365.com
无数据,scgeli.com
无数据,schaixin.com
无数据,sczdcl.com
无数据,rnedu.net
无数据,scwsxx.com
无数据,runxingjx.com
无数据,sdlldq.com
无数据,sdzcj.com
无数据,seegogo.com
无数据,semiron-e.com
无数据,shanggaojd.com
无数据,shengsimei.com
无数据,seulkifan.com
无数据,shop618.com
无数据,siaswm.com
无数据,sjzxyry.com
无数据,shoujimada.com
无数据,sunjianfei.com
无数据,soulcn.com
无数据,sqhongyu.com
无数据,sqp888.com
无数据,shsjdqjt.com
无数据,sxxkqxx.com
无数据,sxy188.com
无数据,sycaishui.com
无数据,szjinfeng.com
无数据,sz1075.com
无数据,syyuebing.com
无数据,szlbyz.com
无数据,tccy120.com
无数据,tg-chem.com
无数据,szznzs.com
无数据,tianjin18.com
无数据,tengda668.com
无数据,tiandimm.com
无数据,tjdingheng.com
无数据,tianliyl.com
无数据,tlfxwxx.com
无数据,tongzhilin.com
无数据,tudoujiazu.com
无数据,tsautopark.com
无数据,ting139.com
无数据,tvzhineng.com
无数据,u-teambio.com
无数据,usuggboots.com
无数据,usb-mp4.com
无数据,vancoreled.com
无数据,w1234567.com
无数据,tz-group.com
无数据,viceroyal.com
无数据,waqdjs.com
无数据,weipi5.com
无数据,wenchinet.com
无数据,whlp168.com
无数据,wjgyhg.com
无数据,wsbwb.com
无数据,weimin8.com
无数据,wj-yr.com
无数据,wzgmb.com
无数据,woaitbw.com
无数据,xabzd.com
无数据,xbytz.com
无数据,xcsedu.com
无数据,xcssfs.com
无数据,xawskt.com
无数据,xiangcw.com
无数据,xielife.com
无数据,xcc518.com
无数据,xinyuefm.com
无数据,xindigift.com
无数据,xpytjx.com
无数据,xue23.com
无数据,xy878.com
无数据,xizang6.com
无数据,yibaogs.com
无数据,ye766.com
无数据,xunmaite.com
无数据,yihuiweb.com
无数据,yinhufushi.com
无数据,yinshoucha.com
无数据,yknpx.com
无数据,ykruxian.com
无数据,yutaiyq.com
无数据,yuan-zheng.com
无数据,yzwuji.com
无数据,ywdouya.com
无数据,yxhuihuang.com
无数据,zbjianyang.com
无数据,zbjdhw.com
无数据,zcaqs.com
无数据,zgswz.com
无数据,zgjnjp.net
无数据,zhenghewan.com
无数据,zhigaov.com
无数据,zhongyu99.com
无数据,zhaogui.org
无数据,zhzqzs.com
无数据,ziboguolu.com
无数据,zqsilian.com
无数据,zvofw.com
无数据,zhshouhui.com
无数据,zuanlifang.com
